Workbook

Sheet Dashboard
A1: Dashboard Fiscal
A2: Análise consolidada de finanças públicas: municípios do Amazonas e Irlanda
A4: Selecione o local: | B4: Lábrea/AM
A6: Receita Total Real | D6: Despesa Total Real | G6: Resultado Real | J6: Autonomia Fiscal | M6: Receita / PIB
A8: =IF($B$4="Irlanda",B65,B65/1000000) -> 103.54029 | D8: =IF($B$4="Irlanda",C65,C65/1000000) -> 98.601575 | G8: =IF($B$4="Irlanda",D65,D65/1000000) -> 4.9387144 | J8: =E65 -> 0.026459024 | M8: =IF($B$4="Irlanda",H65,H64) -> 0.28144143
A9: =IFERROR(B65/B64-1,"") -> -0.5667538 | D9: =IFERROR(C65/C64-1,"") -> -0.54706634 | G9: =IFERROR(D65/B65,"") -> 0.047698479 | J9: =IF($B$4="Irlanda",G65,G65/1000000) -> 2.739575 | M9: =IF($B$4="Irlanda",I65,I64) -> 0.25636732
A12: Valores dos municípios exibidos nos cards em R$ milhões; Irlanda em bilhões de €. Para municípios, Receita/PIB usa 2023 quando 2024 não possui PIB.
A14: Evolução de Receita e Despesa | I14: Resultado Real
A33: Autonomia Fiscal / Receita Tributária | I33: Receita e Despesa como % do PIB
A54: Ano | B54: Receita | C54: Despesa | D54: Resultado | E54: Autonomia | F54: PIB | G54: Receita Própria | H54: Receita/PIB | I54: Despesa/PIB | K54: Ano | L54: Autonomia | N54: Ano | O54: Receita/PIB | P54: Despesa/PIB
A55: 2014 | B55: =IF(SUMIFS(Base_Limpa!$E:$E,Base_Limpa!$A:$A,$B$4,Base_Limpa!$C:$C,$A55)=0,"",SUMIFS(Base_Limpa!$E:$E,Base_Limpa!$A:$A,$B$4,Base_Limpa!$C:$C,$A55)) -> 1.0768898e+08 | C55: =IF(SUMIFS(Base_Limpa!$F:$F,Base_Limpa!$A:$A,$B$4,Base_Limpa!$C:$C,$A55)=0,"",SUMIFS(Base_Limpa!$F:$F,Base_Limpa!$A:$A,$B$4,Base_Limpa!$C:$C,$A55)) -> 1.200488e+08 | D55: =IF(SUMIFS(Base_Limpa!$G:$G,Base_Limpa!$A:$A,$B$4,Base_Limpa!$C:$C,$A55)=0,"",SUMIFS(Base_Limpa!$G:$G,Base_Limpa!$A:$A,$B$4,Base_Limpa!$C:$C,$A55)) -> -12359817 | E55: =IF(SUMIFS(Base_Limpa!$I:$I,Base_Limpa!$A:$A,$B$4,Base_Limpa!$C:$C,$A55)=0,"",SUMIFS(Base_Limpa!$I:$I,Base_Limpa!$A:$A,$B$4,Base_Limpa!$C:$C,$A55)) -> 0.032603685 | F55: =IF(SUMIFS(Base_Limpa!$D:$D,Base_Limpa!$A:$A,$B$4,Base_Limpa!$C:$C,$A55)=0,"",SUMIFS(Base_Limpa!$D:$D,Base_Limpa!$A:$A,$B$4,Base_Limpa!$C:$C,$A55)) -> 6.850715e+08 | G55: =IF(SUMIFS(Base_Limpa!$H:$H,Base_Limpa!$A:$A,$B$4,Base_Limpa!$C:$C,$A55)=0,"",SUMIFS(Base_Limpa!$H:$H,Base_Limpa!$A:$A,$B$4,Base_Limpa!$C:$C,$A55)) -> 3511057.5 | H55: =IFERROR(B55/F55,"") -> 0.15719378 | I55: =IFERROR(C55/F55,"") -> 0.17523543 | K55: 2014 | L55: =E55 -> 0.032603685 | N55: 2014 | O55: =H55 -> 0.15719378 | P55: =I55 -> 0.17523543
A56: 2015 | B56: =IF(SUMIFS(Base_Limpa!$E:$E,Base_Limpa!$A:$A,$B$4,Base_Limpa!$C:$C,$A56)=0,"",SUMIFS(Base_Limpa!$E:$E,Base_Limpa!$A:$A,$B$4,Base_Limpa!$C:$C,$A56)) -> 1.1990829e+08 | C56: =IF(SUMIFS(Base_Limpa!$F:$F,Base_Limpa!$A:$A,$B$4,Base_Limpa!$C:$C,$A56)=0,"",SUMIFS(Base_Limpa!$F:$F,Base_Limpa!$A:$A,$B$4,Base_Limpa!$C:$C,$A56)) -> 1.0209061e+08 | D56: =IF(SUMIFS(Base_Limpa!$G:$G,Base_Limpa!$A:$A,$B$4,Base_Limpa!$C:$C,$A56)=0,"",SUMIFS(Base_Limpa!$G:$G,Base_Limpa!$A:$A,$B$4,Base_Limpa!$C:$C,$A56)) -> 17817677 | E56: =IF(SUMIFS(Base_Limpa!$I:$I,Base_Limpa!$A:$A,$B$4,Base_Limpa!$C:$C,$A56)=0,"",SUMIFS(Base_Limpa!$I:$I,Base_Limpa!$A:$A,$B$4,Base_Limpa!$C:$C,$A56)) -> 0.03015345 | F56: =IF(SUMIFS(Base_Limpa!$D:$D,Base_Limpa!$A:$A,$B$4,Base_Limpa!$C:$C,$A56)=0,"",SUMIFS(Base_Limpa!$D:$D,Base_Limpa!$A:$A,$B$4,Base_Limpa!$C:$C,$A56)) -> 6.7429052e+08 | G56: =IF(SUMIFS(Base_Limpa!$H:$H,Base_Limpa!$A:$A,$B$4,Base_Limpa!$C:$C,$A56)=0,"",SUMIFS(Base_Limpa!$H:$H,Base_Limpa!$A:$A,$B$4,Base_Limpa!$C:$C,$A56)) -> 3615648.5 | H56: =IFERROR(B56/F56,"") -> 0.17782882 | I56: =IFERROR(C56/F56,"") -> 0.15140448 | K56: 2015 | L56: =E56 -> 0.03015345 | N56: 2015 | O56: =H56 -> 0.17782882 | P56: =I56 -> 0.15140448
A57: 2016 | B57: =IF(SUMIFS(Base_Limpa!$E:$E,Base_Limpa!$A:$A,$B$4,Base_Limpa!$C:$C,$A57)=0,"",SUMIFS(Base_Limpa!$E:$E,Base_Limpa!$A:$A,$B$4,Base_Limpa!$C:$C,$A57)) -> 1.1953957e+08 | C57: =IF(SUMIFS(Base_Limpa!$F:$F,Base_Limpa!$A:$A,$B$4,Base_Limpa!$C:$C,$A57)=0,"",SUMIFS(Base_Limpa!$F:$F,Base_Limpa!$A:$A,$B$4,Base_Limpa!$C:$C,$A57)) -> 1.1049821e+08 | D57: =IF(SUMIFS(Base_Limpa!$G:$G,Base_Limpa!$A:$A,$B$4,Base_Limpa!$C:$C,$A57)=0,"",SUMIFS(Base_Limpa!$G:$G,Base_Limpa!$A:$A,$B$4,Base_Limpa!$C:$C,$A57)) -> 9041359.3 | E57: =IF(SUMIFS(Base_Limpa!$I:$I,Base_Limpa!$A:$A,$B$4,Base_Limpa!$C:$C,$A57)=0,"",SUMIFS(Base_Limpa!$I:$I,Base_Limpa!$A:$A,$B$4,Base_Limpa!$C:$C,$A57)) -> 0.033024953 | F57: =IF(SUMIFS(Base_Limpa!$D:$D,Base_Limpa!$A:$A,$B$4,Base_Limpa!$C:$C,$A57)=0,"",SUMIFS(Base_Limpa!$D:$D,Base_Limpa!$A:$A,$B$4,Base_Limpa!$C:$C,$A57)) -> 7.2866319e+08 | G57: =IF(SUMIFS(Base_Limpa!$H:$H,Base_Limpa!$A:$A,$B$4,Base_Limpa!$C:$C,$A57)=0,"",SUMIFS(Base_Limpa!$H:$H,Base_Limpa!$A:$A,$B$4,Base_Limpa!$C:$C,$A57)) -> 3947788.8 | H57: =IFERROR(B57/F57,"") -> 0.16405326 | I57: =IFERROR(C57/F57,"") -> 0.15164512 | K57: 2016 | L57: =E57 -> 0.033024953 | N57: 2016 | O57: =H57 -> 0.16405326 | P57: =I57 -> 0.15164512
A58: 2017 | B58: =IF(SUMIFS(Base_Limpa!$E:$E,Base_Limpa!$A:$A,$B$4,Base_Limpa!$C:$C,$A58)=0,"",SUMIFS(Base_Limpa!$E:$E,Base_Limpa!$A:$A,$B$4,Base_Limpa!$C:$C,$A58)) -> 1.3302009e+08 | C58: =IF(SUMIFS(Base_Limpa!$F:$F,Base_Limpa!$A:$A,$B$4,Base_Limpa!$C:$C,$A58)=0,"",SUMIFS(Base_Limpa!$F:$F,Base_Limpa!$A:$A,$B$4,Base_Limpa!$C:$C,$A58)) -> 1.242126e+08 | D58: =IF(SUMIFS(Base_Limpa!$G:$G,Base_Limpa!$A:$A,$B$4,Base_Limpa!$C:$C,$A58)=0,"",SUMIFS(Base_Limpa!$G:$G,Base_Limpa!$A:$A,$B$4,Base_Limpa!$C:$C,$A58)) -> 8807492.8 | E58: =IF(SUMIFS(Base_Limpa!$I:$I,Base_Limpa!$A:$A,$B$4,Base_Limpa!$C:$C,$A58)=0,"",SUMIFS(Base_Limpa!$I:$I,Base_Limpa!$A:$A,$B$4,Base_Limpa!$C:$C,$A58)) -> 0.035440111 | F58: =IF(SUMIFS(Base_Limpa!$D:$D,Base_Limpa!$A:$A,$B$4,Base_Limpa!$C:$C,$A58)=0,"",SUMIFS(Base_Limpa!$D:$D,Base_Limpa!$A:$A,$B$4,Base_Limpa!$C:$C,$A58)) -> 7.8134702e+08 | G58: =IF(SUMIFS(Base_Limpa!$H:$H,Base_Limpa!$A:$A,$B$4,Base_Limpa!$C:$C,$A58)=0,"",SUMIFS(Base_Limpa!$H:$H,Base_Limpa!$A:$A,$B$4,Base_Limpa!$C:$C,$A58)) -> 4714247 | H58: =IFERROR(B58/F58,"") -> 0.17024458 | I58: =IFERROR(C58/F58,"") -> 0.15897239 | K58: 2017 | L58: =E58 -> 0.035440111 | N58: 2017 | O58: =H58 -> 0.17024458 | P58: =I58 -> 0.15897239
A59: 2018 | B59: =IF(SUMIFS(Base_Limpa!$E:$E,Base_Limpa!$A:$A,$B$4,Base_Limpa!$C:$C,$A59)=0,"",SUMIFS(Base_Limpa!$E:$E,Base_Limpa!$A:$A,$B$4,Base_Limpa!$C:$C,$A59)) -> 1.376009e+08 | C59: =IF(SUMIFS(Base_Limpa!$F:$F,Base_Limpa!$A:$A,$B$4,Base_Limpa!$C:$C,$A59)=0,"",SUMIFS(Base_Limpa!$F:$F,Base_Limpa!$A:$A,$B$4,Base_Limpa!$C:$C,$A59)) -> 1.1453401e+08 | D59: =IF(SUMIFS(Base_Limpa!$G:$G,Base_Limpa!$A:$A,$B$4,Base_Limpa!$C:$C,$A59)=0,"",SUMIFS(Base_Limpa!$G:$G,Base_Limpa!$A:$A,$B$4,Base_Limpa!$C:$C,$A59)) -> 23066892 | E59: =IF(SUMIFS(Base_Limpa!$I:$I,Base_Limpa!$A:$A,$B$4,Base_Limpa!$C:$C,$A59)=0,"",SUMIFS(Base_Limpa!$I:$I,Base_Limpa!$A:$A,$B$4,Base_Limpa!$C:$C,$A59)) -> 7.7279292e-05 | F59: =IF(SUMIFS(Base_Limpa!$D:$D,Base_Limpa!$A:$A,$B$4,Base_Limpa!$C:$C,$A59)=0,"",SUMIFS(Base_Limpa!$D:$D,Base_Limpa!$A:$A,$B$4,Base_Limpa!$C:$C,$A59)) -> 7.5001007e+08 | G59: =IF(SUMIFS(Base_Limpa!$H:$H,Base_Limpa!$A:$A,$B$4,Base_Limpa!$C:$C,$A59)=0,"",SUMIFS(Base_Limpa!$H:$H,Base_Limpa!$A:$A,$B$4,Base_Limpa!$C:$C,$A59)) -> 10633.7 | H59: =IFERROR(B59/F59,"") -> 0.1834654 | I59: =IFERROR(C59/F59,"") -> 0.15270996 | K59: 2018 | L59: =E59 -> 7.7279292e-05 | N59: 2018 | O59: =H59 -> 0.1834654 | P59: =I59 -> 0.15270996
A60: 2019 | B60: =IF(SUMIFS(Base_Limpa!$E:$E,Base_Limpa!$A:$A,$B$4,Base_Limpa!$C:$C,$A60)=0,"",SUMIFS(Base_Limpa!$E:$E,Base_Limpa!$A:$A,$B$4,Base_Limpa!$C:$C,$A60)) | C60: =IF(SUMIFS(Base_Limpa!$F:$F,Base_Limpa!$A:$A,$B$4,Base_Limpa!$C:$C,$A60)=0,"",SUMIFS(Base_Limpa!$F:$F,Base_Limpa!$A:$A,$B$4,Base_Limpa!$C:$C,$A60)) | D60: =IF(SUMIFS(Base_Limpa!$G:$G,Base_Limpa!$A:$A,$B$4,Base_Limpa!$C:$C,$A60)=0,"",SUMIFS(Base_Limpa!$G:$G,Base_Limpa!$A:$A,$B$4,Base_Limpa!$C:$C,$A60)) | E60: =IF(SUMIFS(Base_Limpa!$I:$I,Base_Limpa!$A:$A,$B$4,Base_Limpa!$C:$C,$A60)=0,"",SUMIFS(Base_Limpa!$I:$I,Base_Limpa!$A:$A,$B$4,Base_Limpa!$C:$C,$A60)) | F60: =IF(SUMIFS(Base_Limpa!$D:$D,Base_Limpa!$A:$A,$B$4,Base_Limpa!$C:$C,$A60)=0,"",SUMIFS(Base_Limpa!$D:$D,Base_Limpa!$A:$A,$B$4,Base_Limpa!$C:$C,$A60)) -> 7.2887051e+08 | G60: =IF(SUMIFS(Base_Limpa!$H:$H,Base_Limpa!$A:$A,$B$4,Base_Limpa!$C:$C,$A60)=0,"",SUMIFS(Base_Limpa!$H:$H,Base_Limpa!$A:$A,$B$4,Base_Limpa!$C:$C,$A60)) | H60: =IFERROR(B60/F60,"") | I60: =IFERROR(C60/F60,"") | K60: 2019 | L60: =E60 | N60: 2019 | O60: =H60 | P60: =I60
A61: 2020 | B61: =IF(SUMIFS(Base_Limpa!$E:$E,Base_Limpa!$A:$A,$B$4,Base_Limpa!$C:$C,$A61)=0,"",SUMIFS(Base_Limpa!$E:$E,Base_Limpa!$A:$A,$B$4,Base_Limpa!$C:$C,$A61)) -> 1.8242005e+08 | C61: =IF(SUMIFS(Base_Limpa!$F:$F,Base_Limpa!$A:$A,$B$4,Base_Limpa!$C:$C,$A61)=0,"",SUMIFS(Base_Limpa!$F:$F,Base_Limpa!$A:$A,$B$4,Base_Limpa!$C:$C,$A61)) -> 1.6599579e+08 | D61: =IF(SUMIFS(Base_Limpa!$G:$G,Base_Limpa!$A:$A,$B$4,Base_Limpa!$C:$C,$A61)=0,"",SUMIFS(Base_Limpa!$G:$G,Base_Limpa!$A:$A,$B$4,Base_Limpa!$C:$C,$A61)) -> 16424259 | E61: =IF(SUMIFS(Base_Limpa!$I:$I,Base_Limpa!$A:$A,$B$4,Base_Limpa!$C:$C,$A61)=0,"",SUMIFS(Base_Limpa!$I:$I,Base_Limpa!$A:$A,$B$4,Base_Limpa!$C:$C,$A61)) -> 0.037244143 | F61: =IF(SUMIFS(Base_Limpa!$D:$D,Base_Limpa!$A:$A,$B$4,Base_Limpa!$C:$C,$A61)=0,"",SUMIFS(Base_Limpa!$D:$D,Base_Limpa!$A:$A,$B$4,Base_Limpa!$C:$C,$A61)) -> 7.751021e+08 | G61: =IF(SUMIFS(Base_Limpa!$H:$H,Base_Limpa!$A:$A,$B$4,Base_Limpa!$C:$C,$A61)=0,"",SUMIFS(Base_Limpa!$H:$H,Base_Limpa!$A:$A,$B$4,Base_Limpa!$C:$C,$A61)) -> 6794078.6 | H61: =IFERROR(B61/F61,"") -> 0.23534971 | I61: =IFERROR(C61/F61,"") -> 0.21415991 | K61: 2020 | L61: =E61 -> 0.037244143 | N61: 2020 | O61: =H61 -> 0.23534971 | P61: =I61 -> 0.21415991
A62: 2021 | B62: =IF(SUMIFS(Base_Limpa!$E:$E,Base_Limpa!$A:$A,$B$4,Base_Limpa!$C:$C,$A62)=0,"",SUMIFS(Base_Limpa!$E:$E,Base_Limpa!$A:$A,$B$4,Base_Limpa!$C:$C,$A62)) -> 2.0601672e+08 | C62: =IF(SUMIFS(Base_Limpa!$F:$F,Base_Limpa!$A:$A,$B$4,Base_Limpa!$C:$C,$A62)=0,"",SUMIFS(Base_Limpa!$F:$F,Base_Limpa!$A:$A,$B$4,Base_Limpa!$C:$C,$A62)) -> 1.8374586e+08 | D62: =IF(SUMIFS(Base_Limpa!$G:$G,Base_Limpa!$A:$A,$B$4,Base_Limpa!$C:$C,$A62)=0,"",SUMIFS(Base_Limpa!$G:$G,Base_Limpa!$A:$A,$B$4,Base_Limpa!$C:$C,$A62)) -> 22270858 | E62: =IF(SUMIFS(Base_Limpa!$I:$I,Base_Limpa!$A:$A,$B$4,Base_Limpa!$C:$C,$A62)=0,"",SUMIFS(Base_Limpa!$I:$I,Base_Limpa!$A:$A,$B$4,Base_Limpa!$C:$C,$A62)) -> 0.036588402 | F62: =IF(SUMIFS(Base_Limpa!$D:$D,Base_Limpa!$A:$A,$B$4,Base_Limpa!$C:$C,$A62)=0,"",SUMIFS(Base_Limpa!$D:$D,Base_Limpa!$A:$A,$B$4,Base_Limpa!$C:$C,$A62)) -> 7.9093771e+08 | G62: =IF(SUMIFS(Base_Limpa!$H:$H,Base_Limpa!$A:$A,$B$4,Base_Limpa!$C:$C,$A62)=0,"",SUMIFS(Base_Limpa!$H:$H,Base_Limpa!$A:$A,$B$4,Base_Limpa!$C:$C,$A62)) -> 7537822.6 | H62: =IFERROR(B62/F62,"") -> 0.26047148 | I62: =IFERROR(C62/F62,"") -> 0.23231395 | K62: 2021 | L62: =E62 -> 0.036588402 | N62: 2021 | O62: =H62 -> 0.26047148 | P62: =I62 -> 0.23231395
A63: 2022 | B63: =IF(SUMIFS(Base_Limpa!$E:$E,Base_Limpa!$A:$A,$B$4,Base_Limpa!$C:$C,$A63)=0,"",SUMIFS(Base_Limpa!$E:$E,Base_Limpa!$A:$A,$B$4,Base_Limpa!$C:$C,$A63)) -> 2.2223704e+08 | C63: =IF(SUMIFS(Base_Limpa!$F:$F,Base_Limpa!$A:$A,$B$4,Base_Limpa!$C:$C,$A63)=0,"",SUMIFS(Base_Limpa!$F:$F,Base_Limpa!$A:$A,$B$4,Base_Limpa!$C:$C,$A63)) -> 2.1257444e+08 | D63: =IF(SUMIFS(Base_Limpa!$G:$G,Base_Limpa!$A:$A,$B$4,Base_Limpa!$C:$C,$A63)=0,"",SUMIFS(Base_Limpa!$G:$G,Base_Limpa!$A:$A,$B$4,Base_Limpa!$C:$C,$A63)) -> 9662599.4 | E63: =IF(SUMIFS(Base_Limpa!$I:$I,Base_Limpa!$A:$A,$B$4,Base_Limpa!$C:$C,$A63)=0,"",SUMIFS(Base_Limpa!$I:$I,Base_Limpa!$A:$A,$B$4,Base_Limpa!$C:$C,$A63)) -> 0.0430648 | F63: =IF(SUMIFS(Base_Limpa!$D:$D,Base_Limpa!$A:$A,$B$4,Base_Limpa!$C:$C,$A63)=0,"",SUMIFS(Base_Limpa!$D:$D,Base_Limpa!$A:$A,$B$4,Base_Limpa!$C:$C,$A63)) -> 7.9580251e+08 | G63: =IF(SUMIFS(Base_Limpa!$H:$H,Base_Limpa!$A:$A,$B$4,Base_Limpa!$C:$C,$A63)=0,"",SUMIFS(Base_Limpa!$H:$H,Base_Limpa!$A:$A,$B$4,Base_Limpa!$C:$C,$A63)) -> 9570593.5 | H63: =IFERROR(B63/F63,"") -> 0.27926154 | I63: =IFERROR(C63/F63,"") -> 0.26711959 | K63: 2022 | L63: =E63 -> 0.0430648 | N63: 2022 | O63: =H63 -> 0.27926154 | P63: =I63 -> 0.26711959
A64: 2023 | B64: =IF(SUMIFS(Base_Limpa!$E:$E,Base_Limpa!$A:$A,$B$4,Base_Limpa!$C:$C,$A64)=0,"",SUMIFS(Base_Limpa!$E:$E,Base_Limpa!$A:$A,$B$4,Base_Limpa!$C:$C,$A64)) -> 2.3898719e+08 | C64: =IF(SUMIFS(Base_Limpa!$F:$F,Base_Limpa!$A:$A,$B$4,Base_Limpa!$C:$C,$A64)=0,"",SUMIFS(Base_Limpa!$F:$F,Base_Limpa!$A:$A,$B$4,Base_Limpa!$C:$C,$A64)) -> 2.176954e+08 | D64: =IF(SUMIFS(Base_Limpa!$G:$G,Base_Limpa!$A:$A,$B$4,Base_Limpa!$C:$C,$A64)=0,"",SUMIFS(Base_Limpa!$G:$G,Base_Limpa!$A:$A,$B$4,Base_Limpa!$C:$C,$A64)) -> 21291786 | E64: =IF(SUMIFS(Base_Limpa!$I:$I,Base_Limpa!$A:$A,$B$4,Base_Limpa!$C:$C,$A64)=0,"",SUMIFS(Base_Limpa!$I:$I,Base_Limpa!$A:$A,$B$4,Base_Limpa!$C:$C,$A64)) -> 0.033881629 | F64: =IF(SUMIFS(Base_Limpa!$D:$D,Base_Limpa!$A:$A,$B$4,Base_Limpa!$C:$C,$A64)=0,"",SUMIFS(Base_Limpa!$D:$D,Base_Limpa!$A:$A,$B$4,Base_Limpa!$C:$C,$A64)) -> 8.4915424e+08 | G64: =IF(SUMIFS(Base_Limpa!$H:$H,Base_Limpa!$A:$A,$B$4,Base_Limpa!$C:$C,$A64)=0,"",SUMIFS(Base_Limpa!$H:$H,Base_Limpa!$A:$A,$B$4,Base_Limpa!$C:$C,$A64)) -> 8097275.2 | H64: =IFERROR(B64/F64,"") -> 0.28144143 | I64: =IFERROR(C64/F64,"") -> 0.25636732 | K64: 2023 | L64: =E64 -> 0.033881629 | N64: 2023 | O64: =H64 -> 0.28144143 | P64: =I64 -> 0.25636732
A65: 2024 | B65: =IF(SUMIFS(Base_Limpa!$E:$E,Base_Limpa!$A:$A,$B$4,Base_Limpa!$C:$C,$A65)=0,"",SUMIFS(Base_Limpa!$E:$E,Base_Limpa!$A:$A,$B$4,Base_Limpa!$C:$C,$A65)) -> 1.0354029e+08 | C65: =IF(SUMIFS(Base_Limpa!$F:$F,Base_Limpa!$A:$A,$B$4,Base_Limpa!$C:$C,$A65)=0,"",SUMIFS(Base_Limpa!$F:$F,Base_Limpa!$A:$A,$B$4,Base_Limpa!$C:$C,$A65)) -> 98601575 | D65: =IF(SUMIFS(Base_Limpa!$G:$G,Base_Limpa!$A:$A,$B$4,Base_Limpa!$C:$C,$A65)=0,"",SUMIFS(Base_Limpa!$G:$G,Base_Limpa!$A:$A,$B$4,Base_Limpa!$C:$C,$A65)) -> 4938714.4 | E65: =IF(SUMIFS(Base_Limpa!$I:$I,Base_Limpa!$A:$A,$B$4,Base_Limpa!$C:$C,$A65)=0,"",SUMIFS(Base_Limpa!$I:$I,Base_Limpa!$A:$A,$B$4,Base_Limpa!$C:$C,$A65)) -> 0.026459024 | F65: =IF(SUMIFS(Base_Limpa!$D:$D,Base_Limpa!$A:$A,$B$4,Base_Limpa!$C:$C,$A65)=0,"",SUMIFS(Base_Limpa!$D:$D,Base_Limpa!$A:$A,$B$4,Base_Limpa!$C:$C,$A65)) | G65: =IF(SUMIFS(Base_Limpa!$H:$H,Base_Limpa!$A:$A,$B$4,Base_Limpa!$C:$C,$A65)=0,"",SUMIFS(Base_Limpa!$H:$H,Base_Limpa!$A:$A,$B$4,Base_Limpa!$C:$C,$A65)) -> 2739575 | H65: =IFERROR(B65/F65,"") | I65: =IFERROR(C65/F65,"") | K65: 2024 | L65: =E65 -> 0.026459024 | N65: 2024 | O65: =H65 | P65: =I65
A66: 2025 | B66: =IF(SUMIFS(Base_Limpa!$E:$E,Base_Limpa!$A:$A,$B$4,Base_Limpa!$C:$C,$A66)=0,"",SUMIFS(Base_Limpa!$E:$E,Base_Limpa!$A:$A,$B$4,Base_Limpa!$C:$C,$A66)) | C66: =IF(SUMIFS(Base_Limpa!$F:$F,Base_Limpa!$A:$A,$B$4,Base_Limpa!$C:$C,$A66)=0,"",SUMIFS(Base_Limpa!$F:$F,Base_Limpa!$A:$A,$B$4,Base_Limpa!$C:$C,$A66)) | D66: =IF(SUMIFS(Base_Limpa!$G:$G,Base_Limpa!$A:$A,$B$4,Base_Limpa!$C:$C,$A66)=0,"",SUMIFS(Base_Limpa!$G:$G,Base_Limpa!$A:$A,$B$4,Base_Limpa!$C:$C,$A66)) | E66: =IF(SUMIFS(Base_Limpa!$I:$I,Base_Limpa!$A:$A,$B$4,Base_Limpa!$C:$C,$A66)=0,"",SUMIFS(Base_Limpa!$I:$I,Base_Limpa!$A:$A,$B$4,Base_Limpa!$C:$C,$A66)) | F66: =IF(SUMIFS(Base_Limpa!$D:$D,Base_Limpa!$A:$A,$B$4,Base_Limpa!$C:$C,$A66)=0,"",SUMIFS(Base_Limpa!$D:$D,Base_Limpa!$A:$A,$B$4,Base_Limpa!$C:$C,$A66)) | G66: =IF(SUMIFS(Base_Limpa!$H:$H,Base_Limpa!$A:$A,$B$4,Base_Limpa!$C:$C,$A66)=0,"",SUMIFS(Base_Limpa!$H:$H,Base_Limpa!$A:$A,$B$4,Base_Limpa!$C:$C,$A66)) | H66: =IFERROR(B66/F66,"") | I66: =IFERROR(C66/F66,"") | K66: 2025 | L66: =E66 | N66: 2025 | O66: =H66 | P66: =I66

Sheet Base_Limpa
A1: Local | B1: Tipo | C1: Ano | D1: PIB | E1: Receita Real | F1: Despesa Real | G1: Resultado Real | H1: Receita Própria Real | I1: Autonomia | J1: Carga Tributária | K1: IPCA Fator | L1: Unidade | M1: Observações
A2: Lábrea/AM | B2: Município | C2: 2014 | D2: 6.850715e+08 | E2: 1.0768898e+08 | F2: 1.200488e+08 | G2: -12359817 | H2: 3511057.5 | I2: 0.032603685 | K2: 1.8587 | L2: R$
A3: Lábrea/AM | B3: Município | C3: 2015 | D3: 6.7429052e+08 | E3: 1.1990829e+08 | F3: 1.0209061e+08 | G3: 17817677 | H3: 3615648.5 | I3: 0.03015345 | K3: 1.7247 | L3: R$
A4: Lábrea/AM | B4: Município | C4: 2016 | D4: 7.2866319e+08 | E4: 1.1953957e+08 | F4: 1.1049821e+08 | G4: 9041359.3 | H4: 3947788.8 | I4: 0.033024953 | K4: 1.6226 | L4: R$
A5: Lábrea/AM | B5: Município | C5: 2017 | D5: 7.8134702e+08 | E5: 1.3302009e+08 | F5: 1.242126e+08 | G5: 8807492.8 | H5: 4714247 | I5: 0.035440111 | K5: 1.5761 | L5: R$
A6: Lábrea/AM | B6: Município | C6: 2018 | D6: 7.5001007e+08 | E6: 1.376009e+08 | F6: 1.1453401e+08 | G6: 23066892 | H6: 10633.7 | I6: 7.7279292e-05 | K6: 1.5191 | L6: R$ | M6: Receita própria muito baixa; conferir fonte original.
A7: Lábrea/AM | B7: Município | C7: 2019 | D7: 7.2887051e+08 | G7: 0 | K7: 1.4564 | L7: R$ | M7: Dados de receita/despesa ausentes na base.
A8: Lábrea/AM | B8: Município | C8: 2020 | D8: 7.751021e+08 | E8: 1.8242005e+08 | F8: 1.6599579e+08 | G8: 16424259 | H8: 6794078.6 | I8: 0.037244143 | K8: 1.3934 | L8: R$
A9: Lábrea/AM | B9: Município | C9: 2021 | D9: 7.9093771e+08 | E9: 2.0601672e+08 | F9: 1.8374586e+08 | G9: 22270858 | H9: 7537822.6 | I9: 0.036588402 | K9: 1.2651 | L9: R$
A10: Lábrea/AM | B10: Município | C10: 2022 | D10: 7.9580251e+08 | E10: 2.2223704e+08 | F10: 2.1257444e+08 | G10: 9662599.4 | H10: 9570593.5 | I10: 0.0430648 | K10: 1.1959 | L10: R$
A11: Lábrea/AM | B11: Município | C11: 2023 | D11: 8.4915424e+08 | E11: 2.3898719e+08 | F11: 2.176954e+08 | G11: 21291786 | H11: 8097275.2 | I11: 0.033881629 | K11: 1.1429 | L11: R$
A12: Lábrea/AM | B12: Município | C12: 2024 | E12: 1.0354029e+08 | F12: 98601575 | G12: 4938714.4 | H12: 2739575 | I12: 0.026459024 | K12: 1 | L12: R$ | M12: PIB não informado.
A13: Eirunepé/AM | B13: Município | C13: 2014 | D13: 7.1160357e+08 | E13: 1.0768898e+08 | F13: 90275362 | G13: 17413617 | H13: 1229859.5 | I13: 0.011420477 | K13: 1.8587 | L13: R$ | M13: Receita real igual à de Lábrea/AM; conferir fonte se necessário.
A14: Eirunepé/AM | B14: Município | C14: 2015 | D14: 6.9539938e+08 | E14: 99134904 | F14: 74237208 | G14: 24897696 | H14: 997823.52 | I14: 0.01006531 | K14: 1.7247 | L14: R$
A15: Eirunepé/AM | B15: Município | C15: 2016 | D15: 6.458384e+08 | E15: 96759329 | F15: 56872715 | G15: 39886614 | H15: 785170.38 | I15: 0.0081146736 | K15: 1.6226 | L15: R$
A16: Eirunepé/AM | B16: Município | C16: 2017 | D16: 6.8403684e+08 | E16: 1.0544887e+08 | F16: 96406658 | G16: 9042212.4 | H16: 1154661.6 | I16: 0.010949967 | K16: 1.5761 | L16: R$
A17: Eirunepé/AM | B17: Município | C17: 2018 | D17: 7.8722259e+08 | E17: 1.2732122e+08 | F17: 1.2988222e+08 | G17: -2561001 | H17: 2381736.2 | I17: 0.018706515 | K17: 1.5191 | L17: R$
A18: Eirunepé/AM | B18: Município | C18: 2019 | D18: 6.9734468e+08 | E18: 1.3271828e+08 | F18: 1.2221315e+08 | G18: 10505137 | H18: 1917798.8 | I18: 0.014450148 | K18: 1.4564 | L18: R$
A19: Eirunepé/AM | B19: Município | C19: 2020 | D19: 7.0085788e+08 | E19: 1.5104232e+08 | F19: 1.4567406e+08 | G19: 5368268.2 | H19: 2321119.3 | I19: 0.015367344 | K19: 1.3934 | L19: R$
A20: Eirunepé/AM | B20: Município | C20: 2021 | D20: 7.1862243e+08 | E20: 1.6793275e+08 | F20: 1.5912213e+08 | G20: 8810617.1 | H20: 3069955.3 | I20: 0.018280861 | K20: 1.2651 | L20: R$
A21: Eirunepé/AM | B21: Município | C21: 2022 | D21: 6.921181e+08 | E21: 1.9533394e+08 | F21: 1.9233486e+08 | G21: 2999082.5 | H21: 5344479.7 | I21: 0.027360732 | K21: 1.1959 | L21: R$
A22: Eirunepé/AM | B22: Município | C22: 2023 | D22: 7.8133234e+08 | E22: 2.1932393e+08 | F22: 2.0905639e+08 | G22: 10267533 | H22: 5888775.6 | I22: 0.026849672 | K22: 1.1429 | L22: R$
A23: Eirunepé/AM | B23: Município | C23: 2024 | E23: 1.9696063e+08 | F23: 1.9210758e+08 | G23: 4853055 | H23: 5961105.4 | I23: 0.030265466 | K23: 1 | L23: R$ | M23: PIB não informado.
A24: Irlanda | B24: País | C24: 2016 | D24: 255.56 | E24: 91.5354 | F24: 94.1436 | G24: -2.6082 | H24: 58.7788 | I24: 0.64214282 | J24: 0.23 | L24: € bilhões
A25: Irlanda | B25: País | C25: 2017 | D25: 379.71666 | E25: 95.249 | F25: 96.3623 | G25: -1.1133 | H25: 86.575398 | I25: 0.90893761 | J25: 0.228 | L25: € bilhões
A26: Irlanda | B26: País | C26: 2018 | D26: 431.13161 | E26: 102.4192 | F26: 102.0499 | G26: 0.3693 | H26: 96.142349 | I26: 0.93871412 | J26: 0.223 | L26: € bilhões
A27: Irlanda | B27: País | C27: 2019 | D27: 486.81126 | E27: 107.726 | F27: 105.896 | G27: 1.83 | H27: 106.12485 | I27: 0.98513687 | J27: 0.218 | L27: € bilhões
A28: Irlanda | B28: País | C28: 2020 | D28: 496.6864 | E28: 103.0989 | F28: 124.6237 | G28: -21.5248 | H28: 96.357162 | I28: 0.93460902 | J28: 0.194 | L28: € bilhões
A29: Irlanda | B29: País | C29: 2021 | D29: 533.90065 | E29: 119.022 | F29: 126.192 | G29: -7.17 | H29: 106.78013 | I29: 0.89714616 | J29: 0.2 | L29: € bilhões
A30: Irlanda | B30: País | C30: 2022 | D30: 634.9035 | E30: 125.0952 | F30: 119.4393 | G30: 5.6559 | H30: 128.88541 | I30: 1.0302986 | J30: 0.203 | L30: € bilhões
A31: Irlanda | B31: País | C31: 2023 | D31: 608.36413 | E31: 129.1234 | F31: 121.6138 | G31: 7.5096 | H31: 129.58156 | I31: 1.0035482 | J31: 0.213 | L31: € bilhões
A32: Irlanda | B32: País | C32: 2024 | D32: 575.09977 | E32: 151.8692 | F32: 128.4654 | G32: 23.4038 | H32: 124.79665 | I32: 0.82173772 | J32: 0.217 | L32: € bilhões
A33: Irlanda | B33: País | C33: 2025 | D33: 590.09258 | E33: 149.5 | F33: 133.9 | G33: 15.6 | L33: € bilhões | M33: 2025 sem dado consolidado de carga tributária/autonomia.

Sheet Comparativo
A1: Comparativo Fiscal
A3: Local | B3: Último ano | C3: Receita | D3: Despesa | E3: Resultado | F3: Autonomia | G3: Receita/PIB
A4: Lábrea/AM | B4: 2024 | C4: 1.0354029e+08 | D4: 98601575 | E4: 4938714.4 | F4: 0.026459024 | G4: 0.28144143
A5: Eirunepé/AM | B5: 2024 | C5: 1.9696063e+08 | D5: 1.9210758e+08 | E5: 4853055 | F5: 0.030265466 | G5: 0.28071312
A6: Irlanda | B6: 2024 | C6: 151.8692 | D6: 128.4654 | E6: 23.4038 | F6: 0.82173772 | G6: 0.26407346
A7: Nota: Receita/PIB usa o último PIB disponível; para os municípios, 2023, pois 2024 não possui PIB informado.
A9: Comparação anual entre municípios
A10: Ano | B10: Receita Lábrea | C10: Receita Eirunepé | D10: Despesa Lábrea | E10: Despesa Eirunepé
A11: 2014 | B11: =IFERROR(SUMIFS(Base_Limpa!$E:$E,Base_Limpa!$A:$A,"Lábrea/AM",Base_Limpa!$C:$C,$A11),NA()) -> 1.0768898e+08 | C11: =IFERROR(SUMIFS(Base_Limpa!$E:$E,Base_Limpa!$A:$A,"Eirunepé/AM",Base_Limpa!$C:$C,$A11),NA()) -> 1.0768898e+08 | D11: =IFERROR(SUMIFS(Base_Limpa!$F:$F,Base_Limpa!$A:$A,"Lábrea/AM",Base_Limpa!$C:$C,$A11),NA()) -> 1.200488e+08 | E11: =IFERROR(SUMIFS(Base_Limpa!$F:$F,Base_Limpa!$A:$A,"Eirunepé/AM",Base_Limpa!$C:$C,$A11),NA()) -> 90275362
A12: 2015 | B12: =IFERROR(SUMIFS(Base_Limpa!$E:$E,Base_Limpa!$A:$A,"Lábrea/AM",Base_Limpa!$C:$C,$A12),NA()) -> 1.1990829e+08 | C12: =IFERROR(SUMIFS(Base_Limpa!$E:$E,Base_Limpa!$A:$A,"Eirunepé/AM",Base_Limpa!$C:$C,$A12),NA()) -> 99134904 | D12: =IFERROR(SUMIFS(Base_Limpa!$F:$F,Base_Limpa!$A:$A,"Lábrea/AM",Base_Limpa!$C:$C,$A12),NA()) -> 1.0209061e+08 | E12: =IFERROR(SUMIFS(Base_Limpa!$F:$F,Base_Limpa!$A:$A,"Eirunepé/AM",Base_Limpa!$C:$C,$A12),NA()) -> 74237208
A13: 2016 | B13: =IFERROR(SUMIFS(Base_Limpa!$E:$E,Base_Limpa!$A:$A,"Lábrea/AM",Base_Limpa!$C:$C,$A13),NA()) -> 1.1953957e+08 | C13: =IFERROR(SUMIFS(Base_Limpa!$E:$E,Base_Limpa!$A:$A,"Eirunepé/AM",Base_Limpa!$C:$C,$A13),NA()) -> 96759329 | D13: =IFERROR(SUMIFS(Base_Limpa!$F:$F,Base_Limpa!$A:$A,"Lábrea/AM",Base_Limpa!$C:$C,$A13),NA()) -> 1.1049821e+08 | E13: =IFERROR(SUMIFS(Base_Limpa!$F:$F,Base_Limpa!$A:$A,"Eirunepé/AM",Base_Limpa!$C:$C,$A13),NA()) -> 56872715
A14: 2017 | B14: =IFERROR(SUMIFS(Base_Limpa!$E:$E,Base_Limpa!$A:$A,"Lábrea/AM",Base_Limpa!$C:$C,$A14),NA()) -> 1.3302009e+08 | C14: =IFERROR(SUMIFS(Base_Limpa!$E:$E,Base_Limpa!$A:$A,"Eirunepé/AM",Base_Limpa!$C:$C,$A14),NA()) -> 1.0544887e+08 | D14: =IFERROR(SUMIFS(Base_Limpa!$F:$F,Base_Limpa!$A:$A,"Lábrea/AM",Base_Limpa!$C:$C,$A14),NA()) -> 1.242126e+08 | E14: =IFERROR(SUMIFS(Base_Limpa!$F:$F,Base_Limpa!$A:$A,"Eirunepé/AM",Base_Limpa!$C:$C,$A14),NA()) -> 96406658
A15: 2018 | B15: =IFERROR(SUMIFS(Base_Limpa!$E:$E,Base_Limpa!$A:$A,"Lábrea/AM",Base_Limpa!$C:$C,$A15),NA()) -> 1.376009e+08 | C15: =IFERROR(SUMIFS(Base_Limpa!$E:$E,Base_Limpa!$A:$A,"Eirunepé/AM",Base_Limpa!$C:$C,$A15),NA()) -> 1.2732122e+08 | D15: =IFERROR(SUMIFS(Base_Limpa!$F:$F,Base_Limpa!$A:$A,"Lábrea/AM",Base_Limpa!$C:$C,$A15),NA()) -> 1.1453401e+08 | E15: =IFERROR(SUMIFS(Base_Limpa!$F:$F,Base_Limpa!$A:$A,"Eirunepé/AM",Base_Limpa!$C:$C,$A15),NA()) -> 1.2988222e+08
A16: 2019 | B16: =IFERROR(SUMIFS(Base_Limpa!$E:$E,Base_Limpa!$A:$A,"Lábrea/AM",Base_Limpa!$C:$C,$A16),NA()) -> 0 | C16: =IFERROR(SUMIFS(Base_Limpa!$E:$E,Base_Limpa!$A:$A,"Eirunepé/AM",Base_Limpa!$C:$C,$A16),NA()) -> 1.3271828e+08 | D16: =IFERROR(SUMIFS(Base_Limpa!$F:$F,Base_Limpa!$A:$A,"Lábrea/AM",Base_Limpa!$C:$C,$A16),NA()) -> 0 | E16: =IFERROR(SUMIFS(Base_Limpa!$F:$F,Base_Limpa!$A:$A,"Eirunepé/AM",Base_Limpa!$C:$C,$A16),NA()) -> 1.2221315e+08
A17: 2020 | B17: =IFERROR(SUMIFS(Base_Limpa!$E:$E,Base_Limpa!$A:$A,"Lábrea/AM",Base_Limpa!$C:$C,$A17),NA()) -> 1.8242005e+08 | C17: =IFERROR(SUMIFS(Base_Limpa!$E:$E,Base_Limpa!$A:$A,"Eirunepé/AM",Base_Limpa!$C:$C,$A17),NA()) -> 1.5104232e+08 | D17: =IFERROR(SUMIFS(Base_Limpa!$F:$F,Base_Limpa!$A:$A,"Lábrea/AM",Base_Limpa!$C:$C,$A17),NA()) -> 1.6599579e+08 | E17: =IFERROR(SUMIFS(Base_Limpa!$F:$F,Base_Limpa!$A:$A,"Eirunepé/AM",Base_Limpa!$C:$C,$A17),NA()) -> 1.4567406e+08
A18: 2021 | B18: =IFERROR(SUMIFS(Base_Limpa!$E:$E,Base_Limpa!$A:$A,"Lábrea/AM",Base_Limpa!$C:$C,$A18),NA()) -> 2.0601672e+08 | C18: =IFERROR(SUMIFS(Base_Limpa!$E:$E,Base_Limpa!$A:$A,"Eirunepé/AM",Base_Limpa!$C:$C,$A18),NA()) -> 1.6793275e+08 | D18: =IFERROR(SUMIFS(Base_Limpa!$F:$F,Base_Limpa!$A:$A,"Lábrea/AM",Base_Limpa!$C:$C,$A18),NA()) -> 1.8374586e+08 | E18: =IFERROR(SUMIFS(Base_Limpa!$F:$F,Base_Limpa!$A:$A,"Eirunepé/AM",Base_Limpa!$C:$C,$A18),NA()) -> 1.5912213e+08
A19: 2022 | B19: =IFERROR(SUMIFS(Base_Limpa!$E:$E,Base_Limpa!$A:$A,"Lábrea/AM",Base_Limpa!$C:$C,$A19),NA()) -> 2.2223704e+08 | C19: =IFERROR(SUMIFS(Base_Limpa!$E:$E,Base_Limpa!$A:$A,"Eirunepé/AM",Base_Limpa!$C:$C,$A19),NA()) -> 1.9533394e+08 | D19: =IFERROR(SUMIFS(Base_Limpa!$F:$F,Base_Limpa!$A:$A,"Lábrea/AM",Base_Limpa!$C:$C,$A19),NA()) -> 2.1257444e+08 | E19: =IFERROR(SUMIFS(Base_Limpa!$F:$F,Base_Limpa!$A:$A,"Eirunepé/AM",Base_Limpa!$C:$C,$A19),NA()) -> 1.9233486e+08
A20: 2023 | B20: =IFERROR(SUMIFS(Base_Limpa!$E:$E,Base_Limpa!$A:$A,"Lábrea/AM",Base_Limpa!$C:$C,$A20),NA()) -> 2.3898719e+08 | C20: =IFERROR(SUMIFS(Base_Limpa!$E:$E,Base_Limpa!$A:$A,"Eirunepé/AM",Base_Limpa!$C:$C,$A20),NA()) -> 2.1932393e+08 | D20: =IFERROR(SUMIFS(Base_Limpa!$F:$F,Base_Limpa!$A:$A,"Lábrea/AM",Base_Limpa!$C:$C,$A20),NA()) -> 2.176954e+08 | E20: =IFERROR(SUMIFS(Base_Limpa!$F:$F,Base_Limpa!$A:$A,"Eirunepé/AM",Base_Limpa!$C:$C,$A20),NA()) -> 2.0905639e+08
A21: 2024 | B21: =IFERROR(SUMIFS(Base_Limpa!$E:$E,Base_Limpa!$A:$A,"Lábrea/AM",Base_Limpa!$C:$C,$A21),NA()) -> 1.0354029e+08 | C21: =IFERROR(SUMIFS(Base_Limpa!$E:$E,Base_Limpa!$A:$A,"Eirunepé/AM",Base_Limpa!$C:$C,$A21),NA()) -> 1.9696063e+08 | D21: =IFERROR(SUMIFS(Base_Limpa!$F:$F,Base_Limpa!$A:$A,"Lábrea/AM",Base_Limpa!$C:$C,$A21),NA()) -> 98601575 | E21: =IFERROR(SUMIFS(Base_Limpa!$F:$F,Base_Limpa!$A:$A,"Eirunepé/AM",Base_Limpa!$C:$C,$A21),NA()) -> 1.9210758e+08
A22: 2025 | B22: =IFERROR(SUMIFS(Base_Limpa!$E:$E,Base_Limpa!$A:$A,"Lábrea/AM",Base_Limpa!$C:$C,$A22),NA()) -> 0 | C22: =IFERROR(SUMIFS(Base_Limpa!$E:$E,Base_Limpa!$A:$A,"Eirunepé/AM",Base_Limpa!$C:$C,$A22),NA()) -> 0 | D22: =IFERROR(SUMIFS(Base_Limpa!$F:$F,Base_Limpa!$A:$A,"Lábrea/AM",Base_Limpa!$C:$C,$A22),NA()) -> 0 | E22: =IFERROR(SUMIFS(Base_Limpa!$F:$F,Base_Limpa!$A:$A,"Eirunepé/AM",Base_Limpa!$C:$C,$A22),NA()) -> 0

Sheet Apoio
A1: Locais | C1: Anos | D1: 2014 | E1: 2015 | F1: 2016 | G1: 2017 | H1: 2018 | I1: 2019 | J1: 2020 | K1: 2021 | L1: 2022 | M1: 2023 | N1: 2024 | O1: 2025
A2: Lábrea/AM
A3: Eirunepé/AM
A4: Irlanda
